Workbook

Sheet Project Data
A1: Project Name | B1: Engineering Knowledge Advisor
A3: Online team meeting | B3: https://fau.zoom-x.de/j/68492789151
A5: Production system (if any) | B5: ...
A6: Test system (if any) | B6: ...
A8: GitHub repository | B8: https://github.com/amosproj/amos2026ws02-engineering-knowledge-advisor
A9: GitHub feature board | B9: https://github.com/orgs/amosproj/projects/110
A10: GitHub imp-squared backlog | B10: https://github.com/orgs/amosproj/projects/114
A12: Position of T-shirt logo | B12: Upper Torso Right Small
A13: Link to logo for black T-shirt | B13: https://github.com/amosproj/amos2026ws02-engineering-knowledge-advisor/tree/main/Deliverables/sprint-01/team-logo.svg
A14: Link to logo for white T-shirt | B14: https://github.com/amosproj/amos2026ws02-engineering-knowledge-advisor/tree/main/Deliverables/sprint-01/team-logo.svg
A16: Additional materials | B16: https://github.com/amosproj/amos2026ws02-engineering-knowledge-advisor/tree/main/Deliverables/sprint-01/team-label.svg
B17: We have a team label, if possible we would like this to be printed centered on the side of the upper arm,
A18: Team maling list | B18: oss-amos-proj2@lists.fau.de

Sheet Project Team
A1: Last Name | B1: First Name | C1: GitHub User Name | D1: Email Address
A2: Medeiros da Cruz | B2: Yan | C2: yanmcruz | D2: yan.medeiros.da.cruz@campus.tu-berlin.de
A3: Pohl | B3: Christian | C3: ChristianJPohl | D3: christian.j.pohl@fau.de
A4: Wendlinger | B4: Tom | C4: tombln292 | D4: tom.wendlinger@campus.tu-berlin.de
A5: Drobischevskiy | B5: Leonid | C5: le-db | D5: leonid.drobischevskiy@fau.de
A6: Nadwornik | B6: Jost | C6: Jost-Na | D6: nadwornik@campus.tu-berlin.de
A7: Tenepo | B7: Franklin | C7: franktronics | D7: wilson.f.tenepo@fau.de
A8: Best | B8: Lisabeth | C8: PeppermintCoding123 | D8: lisabeth.hasse@fau.de
A9: Khan | B9: Gulbaz | C9: mgulbazilyas | D9: gulbaz.khan@fau.de
A10: Pasewaldt | B10: Felix | C10: felixp33 | D10: felix.pasewaldt@campus.tu-berlin.de

Sheet Role Assignments
C1: Product Owner
A2: # | B2: Meeting Day | C2: Review | D2: Planning | E2: Software Developer | F2: Release Manager | G2: Scrum Master | H2: Comment
A3: 1 | B3: 46309 | C3: N/A | D3: Yan | E3: Everyone else | F3: N/A | G3: Lisabeth
A4: 2 | B4: =B3+7 -> 46316 | C4: Yan | D4: Tom | E4: Everyone else | F4: Gulbaz | G4: Lisabeth | H4: Ask: should be weekly defined?
A5: 3 | B5: =B4+7 -> 46323 | C5: Tom | D5: Yan | E5: Everyone else | G5: Lisabeth
A6: 4 | B6: =B5+7 -> 46330 | C6: Yan | D6: Tom | E6: Everyone else | G6: Lisabeth
A7: 5 | B7: =B6+7 -> 46337 | C7: Tom | D7: Yan | E7: Everyone else | G7: Lisabeth
A8: 6 | B8: =B7+7 -> 46344 | C8: Yan | D8: Tom | E8: Everyone else | G8: Lisabeth | H8: Yan not present
A9: 7 | B9: =B8+7 -> 46351 | C9: Tom | D9: Yan | E9: Everyone else | G9: Lisabeth | H9: Mid-term due
A10: 8 | B10: =B9+7 -> 46358 | C10: Yan | D10: Tom | E10: Everyone else | G10: Lisabeth
A11: 9 | B11: =B10+7 -> 46365 | C11: Tom | D11: Yan | E11: Everyone else | G11: Lisabeth
A12: 10 | B12: =B11+7 -> 46372 | C12: Yan | D12: Tom | E12: Everyone else | G12: Lisabeth
A13: 11 | B13: 46035 | C13: Tom | D13: Yan | E13: Everyone else | G13: Lisabeth
A14: 12 | B14: =B13+7 -> 46042 | C14: Yan | D14: Tom | E14: Everyone else | G14: Lisabeth
A15: 13 | B15: =B14+7 -> 46049 | C15: Tom | D15: Yan | E15: Everyone else | G15: Lisabeth
A16: 14 | B16: =B15+7 -> 46056 | C16: Yan | D16: Tom | E16: Everyone else | G16: Lisabeth | H16: Demo day!
A18: Product owners, software developers, and Scurm Master are set and ideally don't change over time; the critical part is the Release Manager role you need to define here

Sheet Team Contract
A1: Goals | B1: Team goal: Develop a high-quality, usable, and useful software solution for Bosch that addresses the company partner’s problem, while collaborating effectively, strengthening agile practices, and building industry connections.
A3: Meeting norms | B3: Meetings start at 12:30, and go on until 14:00. We start on time (let us know if there are any problems, if you won't attend or you will be late). Let us know in advance when you won't be able to attend, via whatsapp. We communicate outside of the team meetings on Discord (https://discord.gg/nmUEwuDyU). For every meeting there should be a moderator and time-keeper, to ensure the agenda is followed (scrum master/PO). There should be a meeting agenda prepared and sent beforehand. Meeting feedback will be prepared by the scrum master. Meeting summary will be prepared by the scrum master.
A5: Working norms | B5: We use pull requests and require a review. The main and dev branches is protected. We have a development branch. We do the release once a week (merge from dev to main). Code reviews for anything that goes into dev (require approval). Setup a CI pipeline. Autoformater. Do not squash commits; preferred is small commits for grading.
A7: Coordination norms | B7: POs will share the duties, week after week.
A9: Communication norms | B9: We communicate in English. We expect replies as fast as possible, preferrably within 24h.
A11: Consideration norms | B11: We respect each other ideas. We don't fill up the commits with AI slop: make sure you use AI responsibly.
A13: Cont. improvement norms | B13: Provide feedback on the team meeting. Whenever possible, share your best practices (on Discord or Team Meeting).
A15: Rewards | B15: Praise and appreciation upon good work! Share publicly or privately on Discord.
A17: Sanctions | B17: We don't think this can help team motivation
A19: Signatures
A21: Scrum Master | B21: Lisabeth Best
A22: Product owner | B22: Yan Medeiros da Cruz
A23: Product owner | B23: Tom Wendlinger
A24: Software developer | B24: Gulbaz Khan
A25: Software developer | B25: Christian Pohl
A26: Software developer | B26: Leonid Drobischevskiy
A27: Software developer | B27: Franklin Tenepo
A28: Software developer | B28: Felix Pasewaldt
A29: Software developer | B29: Jost Nadwornik

Sheet Product Goal
A1: Product Vision | B1: Project Mission
A3: A knowledge database, LLM-readable and searchable, with an AI user interface that allows engineers both to capture their knowledge about existing products, linked to the respective CAD files and assembly groups, and to retrieve this knowledge during the design of new products. | B3: Deliver an open-source prototype that lets Bosch engineers capture knowledge about existing products, linked to their CAD assembly groups, and retrieve it with AI during new designs.

Sheet Product Glossary
A1: Term | B1: Definition

Sheet Sprint Goals
A1: Sprint # | B1: Sprint goal
A2: 1 | B2: Project Introduction and initial planning
A3: =A2+1 -> 2 | B3: None
A4: =A3+1 -> 3 | B4: None
A5: =A4+1 -> 4 | B5: Optional
A6: =A5+1 -> 5 | B6: Write your sprint goal here
A7: =A6+1 -> 6
A8: =A7+1 -> 7
A9: =A8+1 -> 8
A10: =A9+1 -> 9
A11: =A10+1 -> 10
A12: =A11+1 -> 11
A13: =A12+1 -> 12
A14: =A13+1 -> 13
A15: =A14+1 -> 14

Sheet Definition of Done
A1: # | B1: Feature Definition of Done | C1: Sprint Release Definition of Done | D1: Project Release Definition of Done

Sheet Velocity Tracking
A1: Sprint # | B1: Story Points Realized
A2: 1 | B2: 0
A3: =A2+1 -> 2 | B3: 0
A4: =A3+1 -> 3 | B4: 0
A5: =A4+1 -> 4 | B5: 0
A6: =A5+1 -> 5 | B6: 0
A7: =A6+1 -> 6 | B7: 0
A8: =A7+1 -> 7 | B8: 0
A9: =A8+1 -> 8 | B9: 0
A10: =A9+1 -> 9 | B10: 0
A11: =A10+1 -> 10 | B11: 0
A12: =A11+1 -> 11 | B12: 0
A13: =A12+1 -> 12 | B13: 0
A14: =A13+1 -> 13 | B14: 0
A15: =A14+1 -> 14 | B15: 0

Sheet Mid-Project Release plan
A1: Sprint | B1: Theme | C1: Goal | D1: Feature Name | E1: Est. size | F1: Est. remaining | G1: Real size | H1: Real remaining
A3: Release
A5: Total | E5: =sum(E8:E13) -> 0 | F5: =E5 -> 0
A7: Sprints
F8: Estimated burn-down | H8: Real burn-down
A9: 1 | E9: =sum(E16:E21) -> 0 | F9: =$E$5 -> 0 | G9: =sum(G16:G21) -> 0 | H9: =$E$5 -> 0
A10: =A9+1 -> 2 | E10: =sum(E22:E27) -> 0 | F10: =F9-E9 -> 0 | G10: =sum(G22:G27) -> 0 | H10: =H9-G9 -> 0
A11: =A10+1 -> 3 | E11: =sum(E28:E33) -> 0 | F11: =F10-E10 -> 0 | G11: =sum(G28:G33) -> 0 | H11: =H10-G10 -> 0
A12: ... | F12: =F11-E11 -> 0 | H12: =H11-G11 -> 0
A14: Features
A16: =A9 -> 1 | C16: =C9
A22: =A10 -> 2 | C22: =C10
A28: =A11 -> 3 | C28: =C11
D33: PLEASE CREATE THE BURNDOWN CHART ON A NEW TAB USING THE DATA FROM THIS TAB

Sheet Final Project Release plan
A1: Sprint | B1: Theme | C1: Goal | D1: Feature Name | E1: Est. size | F1: Est. remaining | G1: Real size | H1: Real remaining
A3: Release
A5: Total | E5: =sum(E8:E13) -> 0 | F5: =E5 -> 0
A7: Sprints
F8: Estimated burn-down | H8: Real burn-down
A9: 1 | E9: =sum(E16:E21) -> 0 | F9: =$E$5 -> 0 | G9: =sum(G16:G21) -> 0 | H9: =$E$5 -> 0
A10: =A9+1 -> 2 | E10: =sum(E22:E27) -> 0 | F10: =F9-E9 -> 0 | G10: =sum(G22:G27) -> 0 | H10: =H9-G9 -> 0
A11: =A10+1 -> 3 | E11: =sum(E28:E33) -> 0 | F11: =F10-E10 -> 0 | G11: =sum(G28:G33) -> 0 | H11: =H10-G10 -> 0
A12: ... | F12: =F11-E11 -> 0 | H12: =H11-G11 -> 0
A14: Features
A16: =A9 -> 1
A22: =A10 -> 2
A28: =A11 -> 3
D33: PLEASE CREATE THE BURNDOWN CHART ON A NEW TAB USING THE DATA FROM THIS TAB

Sheet Documentation
A1: Type | B1: Link / reference

Sheet Bill of Materials
A1: # | B1: Context | C1: Name | D1: Version | E1: License | F1: Comment

Sheet Planning Poker
A1: ='Project Team'!A1 -> Last Name | B1: ='Project Team'!B1 -> First Name | C1: Value
A2: ='Project Team'!A2 -> Medeiros da Cruz | B2: ='Project Team'!B2 -> Yan | C2: 0 | E2: =average(C2:C10) -> 0 | F2: =if(stdev(C2:C7) > 0,"NOK", "OK") -> OK
A3: ='Project Team'!A3 -> Pohl | B3: ='Project Team'!B3 -> Christian | C3: 0
A4: ='Project Team'!A4 -> Wendlinger | B4: ='Project Team'!B4 -> Tom | C4: 0
A5: ='Project Team'!A5 -> Drobischevskiy | B5: ='Project Team'!B5 -> Leonid | C5: 0
A6: ='Project Team'!A6 -> Nadwornik | B6: ='Project Team'!B6 -> Jost | C6: 0 | E6: 0 | F6: No size
A7: ='Project Team'!A7 -> Tenepo | B7: ='Project Team'!B7 -> Franklin | C7: 0 | E7: 1 | F7: Trivial size
A8: ='Project Team'!A8 -> Best | B8: ='Project Team'!B8 -> Lisabeth | C8: 0 | E8: 2 | F8: Small size
A9: ='Project Team'!A9 -> Khan | B9: ='Project Team'!B9 -> Gulbaz | C9: 0 | E9: 3 | F9: Medium size
A10: ='Project Team'!A10 -> Pasewaldt | B10: ='Project Team'!B10 -> Felix | C10: 0 | E10: 5 | F10: Large size
E11: 8 | F11: Very large size
E12: 13 | F12: Too large (size)
A14: How to play planning poker
A16: 1. Everyone type their number into their value field, don't hit return yet
A17: 2. Someone, perhaps a product owner, count down 3.. 2.. 1..
A18: 3. Then, everyone hit return to submit their value
